Волонтерська допомога,Допомога літнім людям
Волонтерська допомога,Транспортні перевезення
Волонтерська допомога,Доставка пального
Волонтерська допомога,Надання або пошук житла
Волонтерська допомога,Доставка їжі
Волонтерська допомога,Доставка медикаментів
Волонтерська допомога,Психологічна допомога
Волонтерська допомога,Допомога тваринам
Кур'єрські послуги,Кур'єрська доставка
Кур'єрські послуги,Доставка продуктів
Кур'єрські послуги,Доставка готової їжі
Кур'єрські послуги,Доставка ліків
Кур'єрські послуги,Кур'єр на авто
Кур'єрські послуги,Доставка товару з інтернетмагазину
Кур'єрські послуги,Доставка документів
Кур'єрські послуги,Доставка подарунків
Кур'єрські послуги,Доставка квітів
Кур'єрські послуги,Відправити поїздом або маршруткою
Кур'єрські послуги,Забрати і відправити поштою
Кур'єрські послуги,Знайти
Кур'єрські послуги,Постояти в черзі
Кур'єрські послуги,Інші кур'єрські послуги
Клінінгові послуги,Прибирання квартир
Клінінгові послуги,Генеральне прибирання
Клінінгові послуги,Прибирання після ремонту
Клінінгові послуги,Хімчистка
Клінінгові послуги,Хімчистка меблів
Клінінгові послуги,Хімчистка килимів
Клінінгові послуги,Хімчистка одягу
Клінінгові послуги,Хімчистка текстилю
Клінінгові послуги,Хімчистка хутряних виробів
Клінінгові послуги,Хімчистка шкіряних виробів
Клінінгові послуги,Інше в послугах хімчистки
Клінінгові послуги,Прибирання котеджів і будинків
Клінінгові послуги,Мийка вікон
Клінінгові послуги,Миття фасадів
Клінінгові послуги,Екоприбирання
Клінінгові послуги,Прибирання офісів
Клінінгові послуги,Прибирання ресторанів
Клінінгові послуги,Прибирання магазинів
Клінінгові послуги,Прибирання прилеглих територій
Клінінгові послуги,Дезінсекція
Клінінгові послуги,Дезінфекція приміщень
Клінінгові послуги,Дератизація
Клінінгові послуги,Озонування приміщень
Клінінгові послуги,Прибирання після потопів і пожеж
Клінінгові послуги,Прибирання виробничих приміщень
Клінінгові послуги,Організація простору
Клінінгові послуги,Інше прибирання
Домашній майстер,Сантехнік
Домашній майстер,Електрик
Домашній майстер,Чоловік на годину
Домашній майстер,Столяр
Домашній майстер,Слюсар
Домашній майстер,Установка побутової техніки
Домашній майстер,Інші послуги майстра
Транспортні та складські послуги,Транспортні та складські послуги
Транспортні та складські послуги,Вантажні перевезення
Транспортні та складські послуги,Послуги вантажників
Транспортні та складські послуги,Вивіз будівельного сміття
Транспортні та складські послуги,Перевезення меблів і техніки
Транспортні та складські послуги,Переїзд квартири або офісу
Транспортні та складські послуги,Послуги таксі
Транспортні та складські послуги,Тверезий водій
Транспортні та складські послуги,Пасажирські перевезення
Транспортні та складські послуги,Міжміські перевезення
Транспортні та складські послуги,Упаковка і сортування
Транспортні та складські послуги,Послуги складу
Транспортні та складські послуги,Міжнародні перевезення
Транспортні та складські послуги,Вивіз снігу
Транспортні та складські послуги,Митне оформлення
Транспортні та складські послуги,Послуги експедитора
Транспортні та складські послуги,Інші логістичні та складські послуги
Меблеві роботи,Виготовлення меблів
Меблеві роботи,Ремонт меблів
Меблеві роботи,Збирання меблів
Меблеві роботи,Реставрація меблів
Меблеві роботи,Перетяжка меблів
Меблеві роботи,Збирання меблів IKEA
Меблеві роботи,Швачка м'яких меблів
Меблеві роботи,Інші меблеві роботи
Ремонт побутової техніки,Ремонт пральних машин
Ремонт побутової техніки,Ремонт холодильників
Ремонт побутової техніки,Ремонт посудомийних машин
Ремонт побутової техніки,Ремонт бойлерів
Ремонт побутової техніки,Ремонт кондиціонерів
Ремонт побутової техніки,Інший ремонт великої побутової техніки
Ремонт побутової техніки,Ремонт кавоварок
Ремонт побутової техніки,Ремонт швейних машин
Ремонт побутової техніки,Інший ремонт дрібної побутової техніки
Комп'ютерна допомога,Ремонт ноутбуків
Комп'ютерна допомога,Установка Windows
Комп'ютерна допомога,Встановлення та налаштування програм
Комп'ютерна допомога,Ремонт комп'ютерів
Комп'ютерна допомога,Ремонт комплектуючих
Комп'ютерна допомога,Підключення і настройка Інтернету
Комп'ютерна допомога,Налаштування
Комп'ютерна допомога,Видалення вірусів
Комп'ютерна допомога,Відновлення даних
Комп'ютерна допомога,Чистка від пилу
Комп'ютерна допомога,Діагностика ноутбуків і ПК
Комп'ютерна допомога,Встановлення і налаштування серверів
Комп'ютерна допомога,Ремонт моніторів
Комп'ютерна допомога,Інший ремонт ноутбуків і ПК
Ремонт цифрової техніки,Ремонт телевізорів
Ремонт цифрової техніки,Ремонт навушників
Ремонт цифрової техніки,Ремонт смартгодинників
Ремонт цифрової техніки,Ремонт повербанків
Ремонт цифрової техніки,Ремонт аудіосистем
Ремонт цифрової техніки,Ремонт автомагнітол
Ремонт цифрової техніки,Ремонт ігрових приставок
Ремонт цифрової техніки,Ремонт фотоапаратів
Ремонт цифрової техніки,Ремонт планшетів
Ремонт цифрової техніки,Ремонт підсилювачів
Ремонт цифрової техніки,Ремонт відео і радіоняні
Ремонт цифрової техніки,Ремонт відеореєстраторів
Ремонт цифрової техніки,Ремонт безперебійника
Ремонт цифрової техніки,Ремонт плеєрів
Ремонт цифрової техніки,Ремонт навігаторів
Ремонт цифрової техніки,Ремонт електронних книг
Ремонт цифрової техніки,Ремонт відеокамер
Ремонт цифрової техніки,Ремонт плеєрів
Ремонт цифрової техніки,Інший ремонт цифрової техніки
Ремонт мобільних телефонів,Ремонт iPhone
Ремонт мобільних телефонів,Ремонт Samsung
Ремонт мобільних телефонів,Ремонт Xiaomi
Ремонт мобільних телефонів,Ремонт Huawei
Ремонт мобільних телефонів,Ремонт LG
Ремонт мобільних телефонів,Ремонт Sony
Ремонт мобільних телефонів,Ремонт Google Pixel
Ремонт мобільних телефонів,Ремонт HTC
Ремонт мобільних телефонів,Ремонт Meizu
Ремонт мобільних телефонів,Ремонт Realme
Ремонт мобільних телефонів,Ремонт Nokia
Ремонт мобільних телефонів,Ремонт Blackview
Ремонт мобільних телефонів,Ремонт інших телефонів
Обслуговування техніки,Обслуговування бойлерів
Обслуговування техніки,Обслуговування пральних машин
Обслуговування техніки,Обслуговування посудомийних машин
Обслуговування техніки,Обслуговування холодильників
Обслуговування техніки,Заправка кондиціонерів
Обслуговування техніки,Обслуговування кондиціонерів
Обслуговування техніки,Інше обслуговування техніки
Налаштування супутникового ТБ,Встановлення супутникового ТБ
Налаштування супутникового ТБ,Ремонт супутникових антен
Налаштування супутникового ТБ,Монтаж супутникових антен
Налаштування супутникового ТБ,Налаштування тюнера
Налаштування супутникового ТБ,Прошивка тюнера
Налаштування супутникового ТБ,Інші налаштування супутникового ТБ
Ремонт оргтехніки,Заправка картриджів
Ремонт оргтехніки,Ремонт принтерів
Ремонт оргтехніки,Ремонт БФП
Ремонт оргтехніки,Ремонт проєкторів
Ремонт оргтехніки,Ремонт шредерів
Ремонт оргтехніки,Ремонт сканерів
Ремонт оргтехніки,Ремонт факсів
Ремонт оргтехніки,Інший ремонт оргтехніки
Ремонт техніки для краси і догляду,Ремонт фенів
Ремонт техніки для краси і догляду,Ремонт машинок для стрижки
Ремонт техніки для краси і догляду,Ремонт бритв і епіляторів
Ремонт техніки для краси і догляду,Ремонт тренажерів
Ремонт техніки для краси і догляду,Ремонт плойок
Ремонт техніки для краси і догляду,Ремонт приладів для манікюру і педикюру
Ремонт техніки для краси і догляду,Ремонт іншої техніки для краси
Ремонт електроінструментів,Ремонт електропил і бензопил
Ремонт електроінструментів,Ремонт фрезерів
Ремонт електроінструментів,Ремонт фарбопультів
Ремонт електроінструментів,Ремонт перфораторів
Ремонт електроінструментів,Ремонт шуруповертів
Ремонт електроінструментів,Ремонт болгарок
Ремонт електроінструментів,Ремонт електродрилів
Ремонт електроінструментів,Ремонт будівельних фенів
Ремонт електроінструментів,Ремонт електролобзика
Ремонт електроінструментів,Інший ремонт електроінструментів
Ремонт медтехніки,Ремонт медтехніки
Ремонт електротранспорту,Ремонт гіроскутерів
Ремонт електротранспорту,Ремонт моноколіс
Ремонт електротранспорту,Ремонт електросамокатів
Ремонт електротранспорту,Ремонт гіробордів
Ремонт електротранспорту,Ремонт електровелосипедів
Ремонт електротранспорту,Ремонт електроскутерів
Ремонт електротранспорту,Ремонт сігвеїв
Ремонт електротранспорту,Ремонт іншого електротранспорту
Ремонт садовопаркової техніки,Ремонт газонокосарок
Ремонт садовопаркової техніки,Ремонт мотокіс і тримерів
Ремонт садовопаркової техніки,Ремонт мотоблоків
Ремонт садовопаркової техніки,Ремонт насосів
Ремонт садовопаркової техніки,Ремонт мінітракторів
Ремонт садовопаркової техніки,Ремонт бензинових генераторів
Ремонт садовопаркової техніки,Ремонт мотобурів
Ремонт садовопаркової техніки,Ремонт мийок високого тиску
Ремонт садовопаркової техніки,Інший ремонт садовопаркової техніки
Встановлення і ремонт систем безпеки,Монтаж відеоспостереження
Встановлення і ремонт систем безпеки,Встановлення охоронної сигналізації
Встановлення і ремонт систем безпеки,Встановлення пожежної сигналізації
Встановлення і ремонт систем безпеки,Встановлення систем контролю доступу
Встановлення і ремонт систем безпеки,Встановлення системи Розумний будинок
Встановлення і ремонт систем безпеки,Встановлення інших систем безпеки
Ремонтні работи,Ремонт під ключ
Ремонтні работи,Укладання декоративної плитки
Ремонтні работи,Шпаклівка стін та стелі
Ремонтні работи,Утеплення
Ремонтні работи,Монтаж опалення
Ремонтні работи,Монтаж гіпсокартону
Ремонтні работи,Малярні роботи
Ремонтні работи,Грунтовка поверхонь
Ремонтні работи,Поклейка шпалер
Ремонтні работи,Робота з підлогою
Ремонтні работи,Монтаж теплої підлоги
Ремонтні работи,Установка і ремонт дверей
Ремонтні работи,Полірування мармуру
Ремонтні работи,Установка і ремонт вікон
Ремонтні работи,Стельові работи
Ремонтні работи,Робота зі склом
Ремонтні работи,Звукоізоляція
Ремонтні работи,Інші ремонтні роботи
Будівельні роботи,Різноробочі
Будівельні роботи,Зварювальні роботи
Будівельні роботи,Токарні роботи
Будівельні роботи,Тесляр
Будівельні роботи,Кладка цегли
Будівельні роботи,Установка заборів та воріт
Будівельні роботи,Покрівельні роботи
Будівельні роботи,Бетонні роботи
Будівельні роботи,Бурові роботи
Будівельні роботи,Фундаментні роботи
Будівельні роботи,Будівництво будинків
Будівельні роботи,Гідроізоляція
Будівництво дрібних конструкцій,Будівництво лазні
Будівництво дрібних конструкцій,Будівництво гаража
Будівництво дрібних конструкцій,Будівництво альтанок
Будівництво дрібних конструкцій,Будівництво печі і каміна
Будівництво дрібних конструкцій,Будівництво теплиць
Будівництво дрібних конструкцій,Будівництво сараю
Будівництво дрібних конструкцій,Будівництво веранди
Будівництво дрібних конструкцій,Виготовлення та монтаж сходів
Будівництво дрібних конструкцій,Будівництво мангалів і барбекю
Будівництво дрібних конструкцій,Будівництво басейнів
Будівництво дрібних конструкцій,Інші дрібні конструкції
Будівництво дрібних конструкцій,Ландшафтні роботи
Ландшафтний дизайн,Установка автополиву
Ландшафтний дизайн,Озеленення та благоустрій
Ландшафтний дизайн,Оформлення та створення газону
Ландшафтний дизайн,Геодезичні роботи
Ландшафтний дизайн,Дренажні роботи
Ландшафтний дизайн,Інші ландшафтні роботи
Архітектура та проектування,Складання кошторисів
Архітектура та проектування,Земляні роботи
Монтаж вентиляції,Монтаж вентиляції
Промисловий альпінізм,Промисловий альпінізм
Розбір завалів,Розбір завалів
Побутові послуги,Сад і город
Побутові послуги,Няні
Побутові послуги,Послуги доглядальниці
Побутові послуги,Послуги домробітниці
Побутові послуги,Послуги швачки
Побутові послуги,Ремонт взуття
Побутові послуги,Послуги кухаря
Побутові послуги,Прання та прасування речей
Побутові послуги,"Ремонт сумок, валіз та рюкзаків"
Побутові послуги,Ремонт велосипедів
Побутові послуги,Заточення інструментів
Побутові послуги,Ремонт ювелірних виробів
Побутові послуги,Ремонт годинників
Побутові послуги,Інші побутові послуги
Фото і відеопослуги,Фотограф
Фото і відеопослуги,Відеооператор
Фото і відеопослуги,Обробка фотографій
Фото і відеопослуги,Монтаж відео
Фото і відеопослуги,Оцифровка відеокасет
Фото і відеопослуги,Аерозйомка
Фото і відеопослуги,Випускні альбоми
Фото і відеопослуги,Інші послуги фото і відео
Дизайн,Розробка логотипів
Дизайн,Дизайн інтер'єру
Дизайн,Дизайн сайту
Дизайн,Дизайн поліграфії
Дизайн,Послуги друку
Дизайн,Малюнки та ілюстрації
Дизайн,Дизайн банерів
Дизайн,3D дизайн
Дизайн,Розробка інфографіки
Дизайн,UI/UX дизайн
Дизайн,Інше в дизайні
Робота в Інтернеті,Копірайтинг
Робота в Інтернеті,"Збір, пошук інформації"
Робота в Інтернеті,Наповнення сайтів
Робота в Інтернеті,Набір тексту
Робота в Інтернеті,Рерайтінг
Робота в Інтернеті,Введення даних
Робота в Інтернеті,Розшифровка інтерв'ю
Робота в Інтернеті,Створення презентацій
Робота в Інтернеті,Інша онлайн робота
Реклама і маркетинг,Реклама в Інтернеті
Реклама і маркетинг,Реклама в соціальних мережах
Реклама і маркетинг,SEO Просування сайтів
Реклама і маркетинг,Поширення реклами
Реклама і маркетинг,Виготовлення та монтаж зовнішньої реклами
Реклама і маркетинг,Послуги промоутерів
Реклама і маркетинг,Послуги звукорежисера
Реклама і маркетинг,Послуги моделі
Реклама і маркетинг,Інша реклама
Розробка сайтів та додатків,Створення сайтів
Розробка сайтів та додатків,Доробка сайту
Розробка сайтів та додатків,Створення Landing page
Розробка сайтів та додатків,Верстка сайту
Розробка сайтів та додатків,Тестування ПЗ ()
Розробка сайтів та додатків,Впровадження
Розробка сайтів та додатків,Встановлення 1С
Розробка сайтів та додатків,Послуги в сфері IT
Розробка сайтів та додатків,Розробка мобільних додатків
Розробка сайтів та додатків,Розробка ігор
Розробка сайтів та додатків,Створення та розробка технічного завдання
Розробка сайтів та додатків,Інші роботи з розробки сайтів
Послуги для тварин,Догляд за котами
Послуги для тварин,Догляд за собаками
Послуги для тварин,Готель для тварин
Послуги для тварин,Перевезення тварин
Послуги для тварин,Догляд за рибками
Послуги для тварин,Догляд за гризунами
Послуги для тварин,Догляд за птахами
Послуги для тварин,Догляд за рептиліями
Послуги для тварин,Онлайн консультація ветеринара
Послуги для тварин,Інші зоопослуги
Бюро перекладів,Письмові переклади
Бюро перекладів,Редактура перекладу
Бюро перекладів,Переклад документів та нотаріальне завірення
Бюро перекладів,Усні переклади
Бюро перекладів,Технічний переклад
Бюро перекладів,Переклад вебсайтів
Бюро перекладів,Переклад аудіо та відео
Бюро перекладів,Апостиль і легалізація
Бюро перекладів,Інший переклад
Організація свят,Послуги ведучого
Організація свят,Музичний супровід
Організація свят,Послуги аніматорів
Організація свят,Організація харчування
Організація свят,Випічка та десерти
Організація свят,Персонал для заходів
Організація свят,Оформлення свят
Організація свят,Свято під ключ
Організація свят,Інші івент послуги
Послуги репетиторів,Послуги репетиторів
Послуги репетиторів,Логопед
Послуги репетиторів,Репетитори з математики
Послуги репетиторів,Репетитор з інформатики
Послуги репетиторів,Репетитор з вищої математики
Послуги репетиторів,Репетитори для підготовки до школи
Послуги репетиторів,Репетитор з геометрії
Послуги репетиторів,Репетитори для початкової школи
Послуги репетиторів,Репетитор з алгебри
Послуги репетиторів,Репетитор з програмування
Послуги репетиторів,Репетитори з фізики
Послуги репетиторів,Репетитор з історії
Послуги репетиторів,Репетитор з географії
Послуги репетиторів,Репетитор з біології
Послуги репетиторів,Репетитор з літератури
Послуги репетиторів,Репетитори з хімії
Послуги репетиторів,Репетитори з малювання
Послуги репетиторів,Репетитори з економіки
Послуги репетиторів,Репетитор з макроекономіки
Послуги репетиторів,Репетитор з нарисної геометрії
Послуги репетиторів,Репетитори з опору матеріалів
Послуги репетиторів,Репетитори з креслення
Послуги репетиторів,Репетитори з філософії
Послуги репетиторів,Репетитори з теоретичної механіки
Послуги репетиторів,Репетитори з психології
Послуги репетиторів,Репетитор з правознавства
Послуги репетиторів,Репетитор з мікроекономіки
Послуги репетиторів,Репетитор з менеджменту
Послуги репетиторів,Інші викладачі предметів
Репетитори з іноземних мов,Репетитор англійської мови
Репетитори з іноземних мов,Англійська для дітей
Репетитори з іноземних мов,Репетитор німецької мови
Репетитори з іноземних мов,Репетитор української мови
Репетитори з іноземних мов,Репетитори з польської мови
Репетитори з іноземних мов,Репетитори з російської мови
Репетитори з іноземних мов,Репетитори з італійської мови
Репетитори з іноземних мов,Репетитор французької мови
Репетитори з іноземних мов,Репетитор іспанської мови
Репетитори з іноземних мов,Репетитори з японської мови
Репетитори з іноземних мов,Репетитори зі шведської мови
Репетитори з іноземних мов,Репетитори з чеської мови
Репетитори з іноземних мов,Репетитори білоруської мови
Репетитори з іноземних мов,Репетитори казахської мови
Репетитори з іноземних мов,Репетитори з хінді
Репетитори з іноземних мов,Репетитори з угорської мови
Репетитори з іноземних мов,Репетитори з фінської мови
Репетитори з іноземних мов,Репетитори з грецької мови
Репетитори з іноземних мов,Репетитори з турецької мови
Репетитори з іноземних мов,Репетитори румунської мови
Репетитори з іноземних мов,Репетитори з норвезької мови
Репетитори з іноземних мов,Репетитори з арабської мови
Репетитори з іноземних мов,Репетитори з латині
Репетитори з іноземних мов,Репетитори з корейської мови
Репетитори з іноземних мов,Репетитори з китайської мови
Репетитори з іноземних мов,Репетитори з нідерландської мови
Репетитори з іноземних мов,Репетитори з івриту
Репетитори з іноземних мов,Репетитори з данської мови
Репетитори з іноземних мов,Інші викладачі іноземних мов
Написання робіт,Реферати
Написання робіт,Курсові
Написання робіт,Дипломні
Написання робіт,Конспекти
Написання робіт,Контрольні
Написання робіт,Інше в написанні робіт
Викладачі музики,Репетитори з фортепіано
Викладачі музики,Репетитори з сольфеджіо
Викладачі музики,Репетитори з вокалу
Викладачі музики,Репетитори з гітари
Викладачі музики,Репетитори з гри на барабанах
Викладачі музики,Репетитори з флейти
Викладачі музики,Репетитори зі скрипки
Викладачі музики,Репетитори з саксофону
Викладачі музики,Інші викладачі музики
Автоінструктори,Водіння (АКПП)
Автоінструктори,Водіння (МКПП)
Автоінструктори,ПДР (теорія)
Автоінструктори,Екстремальне водіння
Автоінструктори,Водіння мотоцикла
Автоінструктори,Пілотування
Автоінструктори,Інше навчання водінню
Послуги тренерів,Йога
Послуги тренерів,Груповий фітнес
Послуги тренерів,Шейпінг
Послуги тренерів,Художня гімнастика
Послуги тренерів,Фітбол
Послуги тренерів,Стретчинг
Послуги тренерів,Бодіфлекс
Послуги тренерів,Ритміка
Послуги тренерів,Пілатес
Послуги тренерів,Калланетика
Послуги тренерів,Аеробіка
Послуги тренерів,Інший груповий фітнес
Ігрові тренери,Футбол
Ігрові тренери,Фехтування
Ігрові тренери,Сквош
Ігрові тренери,Настільний теніс
Ігрові тренери,Легка атлетика
Ігрові тренери,Кінний спорт
Ігрові тренери,Гольф
Ігрові тренери,Волейбол
Ігрові тренери,Великий теніс
Ігрові тренери,Більярд
Ігрові тренери,Баскетбол
Ігрові тренери,Інші ігрові види спорту
Ігрові тренери,Водні види спорту
Ігрові тренери,Синхронне плавання
Ігрові тренери,Плавання
Ігрові тренери,Дайвінг
Ігрові тренери,Гребля
Ігрові тренери,Водне поло
Ігрові тренери,Аквааеробіка
Ігрові тренери,Інші водні види спорту
Бойові мистецтва та силовий спорт,Тхеквондо
Бойові мистецтва та силовий спорт,Самбо
Бойові мистецтва та силовий спорт,Ушу
Бойові мистецтва та силовий спорт,Тайський бокс
Бойові мистецтва та силовий спорт,Рукопашний бій
Бойові мистецтва та силовий спорт,Кікбоксинг
Бойові мистецтва та силовий спорт,Карате
Бойові мистецтва та силовий спорт,Капоейра
Бойові мистецтва та силовий спорт,Дзюдо
Бойові мистецтва та силовий спорт,Джиуджитсу
Бойові мистецтва та силовий спорт,Грекоримська боротьба
Бойові мистецтва та силовий спорт,Вільна боротьба
Бойові мистецтва та силовий спорт,Бокс
Бойові мистецтва та силовий спорт,Бої без правил
Бойові мистецтва та силовий спорт,Айкідо
Бойові мистецтва та силовий спорт,Інші бойові мистецтва
Бойові мистецтва та силовий спорт,Силові види спорту
Бойові мистецтва та силовий спорт,Важка атлетика
Бойові мистецтва та силовий спорт,Спортивна гімнастика
Бойові мистецтва та силовий спорт,Пауерліфтинг
Бойові мистецтва та силовий спорт,Кросфіт
Бойові мистецтва та силовий спорт,Бодібілдинг
Бойові мистецтва та силовий спорт,Акробатика
Бойові мистецтва та силовий спорт,Армрестлінг
Бойові мистецтва та силовий спорт,Інші силові види спорту
Хореографія,Уроки з художньої гімнастики
Хореографія,Уроки брейкдансу
Хореографія,Уроки стриппластики
Хореографія,Уроки
Хореографія,(&;)
Хореографія,Уроки Хіпхопу
Хореографія,Уроки спортивних танців
Хореографія,Народні танці
Хореографія,Уроки латиноамериканських танців
Хореографія,Уроки східних танців
Хореографія,Уроки балету
Хореографія,Інше в хореографії
Послуги краси і здоров'я,Масаж
Послуги краси і здоров'я,Догляд за нігтями
Послуги краси і здоров'я,Косметологія
Послуги краси і здоров'я,Догляд за віями
Послуги краси і здоров'я,Догляд за бровами
Послуги краси і здоров'я,Перманентний макіяж
Послуги краси і здоров'я,Перукарські послуги
Послуги краси і здоров'я,Депіляція
Послуги краси і здоров'я,Послуги візажиста-стиліста
Послуги краси і здоров'я,Макіяж
Послуги краси і здоров'я,Психолог
Послуги краси і здоров'я,Дієтолог
Послуги краси і здоров'я,Інший догляд за собою
Ділові послуги,Бухгалтерські послуги
Ділові послуги,Юридичні послуги
Ділові послуги,Ріелтор
Ділові послуги,Послуги коллцентру
Ділові послуги,Фінансові послуги
Ділові послуги,Консалтингові послуги
Ділові послуги,Кадрові послуги
Ділові послуги,Послуги безпеки
Ділові послуги,Послуги у сфері міграції
Ділові послуги,Інші ділові послуги
Ремонт авто,Допомога в дорозі
Ремонт авто,Технічне обслуговування та діагностика
Ремонт авто,Автоелектрика
Ремонт авто,Кузовні роботи
Ремонт авто,Двигун
Ремонт авто,Коробка перемикання передач
Ремонт авто,Догляд за салоном
Ремонт авто,Ремонт і заміна автоскла
Ремонт авто,Ходова частина
Ремонт авто,Рульова система
Ремонт авто,Гальмівна система
Ремонт авто,Вихлопна система
Ремонт авто,Шиномонтаж
Ремонт авто,Ремонт і обслуговування автокондиціонерів
Ремонт авто,Встановлення газобалонного обладнання (ГБО)
Ремонт авто,Ремонт мототехніки
Ремонт авто,Автострахування
Ремонт авто,Інший ремонт авто